id,first_name,last_name,email,gender,salary
1,Chloe,Spurett,cspurett0@nba.com,Female,5751
2,Julietta,Perassi,jperassi1@tripadvisor.com,Female,5163
3,Piggy,Ramsdell,pramsdell2@fda.gov,Male,7136
4,Joella,Gumbrell,jgumbrell3@twitter.com,Female,7487
5,Korry,Wynes,kwynes4@ibm.com,Female,1234
6,Brew,Schild,bschild5@google.ru,Male,2659
7,Martie,Sanger,msanger6@sphinn.com,Male,8130
8,Krystle,Rampley,krampley7@51.la,Female,8193
9,Romy,Poxton,rpoxton8@bandcamp.com,Female,7411
10,Maybelle,Petrillo,mpetrillo9@bing.com,Female,5269
11,Rabi,Batham,rbathama@blogspot.com,Male,9391
12,Miran,Ferns,mfernsb@sciencedirect.com,Female,3124
13,Britt,Trubshawe,btrubshawec@theglobeandmail.com,Male,7642
14,Willa,Gallehawk,wgallehawkd@wired.com,Female,1630
15,Lucas,O' Dornan,lodornane@unesco.org,Male,2360
16,Johanna,Castagno,jcastagnof@gmpg.org,Female,6551
17,Sybil,Wrankling,swranklingg@elegantthemes.com,Female,9854
18,Molly,Gobeau,mgobeauh@tinypic.com,Female,6326
19,Lynnett,Einchcombe,leinchcombei@hugedomains.com,Female,1376
20,Gaylord,MacCaull,gmaccaullj@imdb.com,Male,1884
21,Caitrin,DeSousa,cdesousak@webmd.com,Female,4274
22,Kendricks,Merrydew,kmerrydewl@msn.com,Male,9800
23,Sybilla,Heitz,sheitzm@prnewswire.com,Female,4019
24,Demetrius,Yoxen,dyoxenn@sphinn.com,Male,4217
25,Farly,Coche,fcocheo@si.edu,Male,4812
26,Jereme,Cicchelli,jcicchellip@economist.com,Male,4013
27,Chuck,Egiloff,cegiloffq@apache.org,Male,8989
28,Kermy,Paszak,kpaszakr@comsenz.com,Male,6903
29,Winfred,Levesley,wlevesleys@answers.com,Male,3703
30,Josey,Neenan,jneenant@google.it,Female,7107
31,Sunny,Braunfeld,sbraunfeldu@miibeian.gov.cn,Female,9152
32,Gwen,Overland,goverlandv@eventbrite.com,Female,2154
33,Nicky,Paton,npatonw@gizmodo.com,Female,9804
34,Colan,Mattocks,cmattocksx@businessweek.com,Male,3350
35,Ody,Thackwray,othackwrayy@marriott.com,Male,5299
36,Fraser,Chirm,fchirmz@google.com.au,Male,9053
37,Caroline,Tersay,ctersay10@quantcast.com,Female,6711
38,Ajay,Menauteau,amenauteau11@desdev.cn,Female,5399
39,Trever,Bagehot,tbagehot12@nifty.com,Male,1578
40,Niki,Covet,ncovet13@scribd.com,Female,8361
41,Sofia,Wolfit,swolfit14@redcross.org,Female,4138
42,Farrel,Windress,fwindress15@nymag.com,Male,8070
43,Quincey,Whipple,qwhipple16@dailymotion.com,Male,4603
44,Dietrich,MacTavish,dmactavish17@senate.gov,Male,1485
45,Gareth,Kilmary,gkilmary18@springer.com,Male,4692
46,Kendall,Dodsworth,kdodsworth19@vimeo.com,Male,9558
47,Matthiew,Eldered,meldered1a@360.cn,Male,7992
48,Jolyn,Flexman,jflexman1b@yale.edu,Female,8440
49,Etan,Dragon,edragon1c@indiatimes.com,Male,2933
50,Berget,Spatari,bspatari1d@cyberchimps.com,Female,6202
51,Sterling,Mebes,smebes1e@aol.com,Male,2315
52,Dael,Beckinsale,dbeckinsale1f@usda.gov,Male,3208
53,Carter,Robrow,crobrow1g@msu.edu,Male,8731
54,Marion,Speke,mspeke1h@surveymonkey.com,Female,7976
55,Mirabella,Durram,mdurram1i@who.int,Female,1684
56,Nicholle,Camerati,ncamerati1j@microsoft.com,Female,4592
57,Onida,Josefowicz,ojosefowicz1k@blinklist.com,Female,4089
58,Jillayne,Havelin,jhavelin1l@fotki.com,Female,4375
59,Latia,Grimsditch,lgrimsditch1m@vkontakte.ru,Female,2113
60,Charlotte,Huxtable,chuxtable1n@hp.com,Female,6014
61,Maggie,Martyns,mmartyns1o@gizmodo.com,Female,6456
62,Maia,Jovovic,mjovovic1p@tumblr.com,Female,8540
63,Efrem,Mullord,emullord1q@google.it,Male,4717
64,Lorettalorna,Pidcock,lpidcock1r@yahoo.com,Female,3267
65,Josefa,Cream,jcream1s@wiley.com,Female,4351
66,Shayne,Addenbrooke,saddenbrooke1t@narod.ru,Female,2448
67,Ida,Prichet,iprichet1u@furl.net,Female,3937
68,Fernanda,Robker,frobker1v@drupal.org,Female,6315
69,Hillel,Haswall,hhaswall1w@census.gov,Male,7268
70,Lewiss,Labbe,llabbe1x@jigsy.com,Male,8885
71,Hugibert,Hansley,hhansley1y@illinois.edu,Male,6875
72,Miller,Cutmare,mcutmare1z@t.co,Male,5945
73,Sargent,Neeves,sneeves20@gizmodo.com,Male,1626
74,Dacy,Craze,dcraze21@merriam-webster.com,Female,7277
75,Gabbi,Neles,gneles22@msn.com,Female,3126
76,Maryjo,Moran,mmoran23@who.int,Female,3029
77,Gunther,Bawle,gbawle24@shinystat.com,Male,2740
78,Willi,Shoulders,wshoulders25@huffingtonpost.com,Female,2460
79,Tracy,Hovee,thovee26@latimes.com,Male,1215
80,Jacquelyn,Branney,jbranney27@ezinearticles.com,Female,6443
81,Laurette,Bartul,lbartul28@hatena.ne.jp,Female,3752
82,Janith,McGlue,jmcglue29@biblegateway.com,Female,7820
83,Bondie,Brignell,bbrignell2a@hc360.com,Male,9656
84,Loy,Red,lred2b@vinaora.com,Male,8300
85,Elyse,Klisch,eklisch2c@time.com,Female,9046
86,Jorge,Arnholz,jarnholz2d@reference.com,Male,6252
87,Port,Hoggetts,phoggetts2e@live.com,Male,2661
88,Alvira,Drysdall,adrysdall2f@indiatimes.com,Female,7936
89,Davidson,Pratchett,dpratchett2g@4shared.com,Male,7617
90,Alwyn,Croft,acroft2h@gov.uk,Male,2013
91,Janie,Woof,jwoof2i@ftc.gov,Female,1526
92,Freda,Antonikov,fantonikov2j@who.int,Female,9019
93,Lauralee,Calwell,lcalwell2k@opera.com,Female,5498
94,Breanne,Steadman,bsteadman2l@economist.com,Female,7995
95,Mathew,Liley,mliley2m@lulu.com,Male,4428
96,Ginevra,Calcut,gcalcut2n@sun.com,Female,2076
97,Blondell,Danielsky,bdanielsky2o@shareasale.com,Female,2332
98,Kathy,Gowrie,kgowrie2p@com.com,Female,1357
99,Mack,Rolse,mrolse2q@toplist.cz,Male,8092
100,Larry,Dearnley,ldearnley2r@ehow.com,Male,1319
101,Michal,Brodway,mbrodway2s@jalbum.net,Male,5466
102,Boone,Greeve,bgreeve2t@oracle.com,Male,3756
103,Lenard,Deinhardt,ldeinhardt2u@constantcontact.com,Male,8070
104,Hubie,Guard,hguard2v@mysql.com,Male,9944
105,Demetre,Campos,dcampos2w@npr.org,Male,8860
106,Ezekiel,Gilbody,egilbody2x@cafepress.com,Male,4035
107,Arabella,Crimin,acrimin2y@illinois.edu,Female,9353
108,Bliss,Arndell,barndell2z@posterous.com,Female,2165
109,Elsi,Blackley,eblackley30@cnet.com,Female,7797
110,Chelsie,Duxfield,cduxfield31@blinklist.com,Female,3034
111,Doreen,Melbury,dmelbury32@hibu.com,Female,6864
112,Ericka,Necolds,enecolds33@cbsnews.com,Female,5909
113,Reagen,Redwall,rredwall34@domainmarket.com,Male,1545
114,Sandra,Connick,sconnick35@dailymotion.com,Female,9177
115,Donnie,Loche,dloche36@hatena.ne.jp,Male,7055
116,Dulcy,Sandal,dsandal37@baidu.com,Female,2135
117,Sherwin,Pentland,spentland38@sohu.com,Male,6371
118,Leonerd,Bernakiewicz,lbernakiewicz39@bing.com,Male,3299
119,Leandra,Wylie,lwylie3a@mozilla.com,Female,2523
120,Britney,Bullocke,bbullocke3b@tamu.edu,Female,6876
121,Kinsley,Rosenblum,krosenblum3c@seattletimes.com,Male,4324
122,Maryjo,Easom,measom3d@sogou.com,Female,7161
123,Penni,Jellyman,pjellyman3e@flickr.com,Female,6422
124,Marianne,Sket,msket3f@fda.gov,Female,8924
125,Vivienne,Pregal,vpregal3g@cdbaby.com,Female,6964
126,Irena,MacAlaster,imacalaster3h@marketwatch.com,Female,3963
127,Raynard,Symons,rsymons3i@yellowpages.com,Male,2975
128,Othella,Bennitt,obennitt3j@networksolutions.com,Female,5604
129,Sallyanne,Howood,showood3k@canalblog.com,Female,5078
130,Conrado,Youdell,cyoudell3l@instagram.com,Male,7207
131,Brocky,Indge,bindge3m@4shared.com,Male,7878
132,Wyatan,Sewill,wsewill3n@baidu.com,Male,1985
133,Krystyna,Gilhouley,kgilhouley3o@intel.com,Female,9465
134,Rudolph,Clevely,rclevely3p@lulu.com,Male,5692
135,Donnajean,Arnson,darnson3q@cpanel.net,Female,3466
136,Abdul,Charters,acharters3r@discuz.net,Male,6334
137,Ring,Scrowston,rscrowston3s@icq.com,Male,6803
138,Candide,Tieman,ctieman3t@prlog.org,Female,9511
139,Ina,Feaviour,ifeaviour3u@dailymail.co.uk,Female,4063
140,Garrik,Luety,gluety3v@reddit.com,Male,2740
141,Willyt,Perkinson,wperkinson3w@baidu.com,Female,4488
142,Chrissie,Scotchmor,cscotchmor3x@slate.com,Female,8215
143,Mame,Alleyn,malleyn3y@nba.com,Female,3713
144,Lissy,Vokes,lvokes3z@csmonitor.com,Female,8163
145,Valida,Crookes,vcrookes40@blog.com,Female,2675
146,Crichton,Unger,cunger41@jigsy.com,Male,8396
147,Heriberto,MacClure,hmacclure42@nbcnews.com,Male,8218
148,Thorvald,Bromidge,tbromidge43@naver.com,Male,4973
149,Taite,Hamel,thamel44@bbc.co.uk,Male,6213
150,Jamill,Peacher,jpeacher45@ebay.com,Male,4044
151,Glyn,Bransby,gbransby46@nifty.com,Male,5278
152,Blaine,Liles,bliles47@histats.com,Male,4000
153,Leigh,Benterman,lbenterman48@ycombinator.com,Female,8483
154,Torrence,Tybalt,ttybalt49@noaa.gov,Male,1020
155,Chastity,Maffey,cmaffey4a@umich.edu,Female,7413
156,Waite,Goomes,wgoomes4b@nsw.gov.au,Male,6262
157,Bank,Angrock,bangrock4c@ed.gov,Male,2089
158,Enos,Siddaley,esiddaley4d@boston.com,Male,3530
159,Sylas,Edleston,sedleston4e@patch.com,Male,6387
160,Genvieve,Philippault,gphilippault4f@newsvine.com,Female,5410
161,Jo ann,Keitch,jkeitch4g@rambler.ru,Female,9775
162,Ernesta,Denver,edenver4h@nifty.com,Female,1589
163,Myron,Dewerson,mdewerson4i@wikimedia.org,Male,3544
164,Bartholemy,Conman,bconman4j@macromedia.com,Male,4476
165,Kane,Jupe,kjupe4k@1688.com,Male,7043
166,Ofelia,Nossent,onossent4l@imageshack.us,Female,2969
167,Sissie,Deviney,sdeviney4m@sogou.com,Female,5741
168,Tris,Adenet,tadenet4n@businessinsider.com,Male,6545
169,Fowler,Zorzutti,fzorzutti4o@skyrock.com,Male,5354
170,Dante,Marjoribanks,dmarjoribanks4p@sciencedaily.com,Male,9717
171,Elisabetta,Markwick,emarkwick4q@nydailynews.com,Female,5836
172,Leeann,Scotting,lscotting4r@chron.com,Female,3285
173,Dale,Cuttler,dcuttler4s@google.cn,Female,2350
174,Oralee,Trevaskus,otrevaskus4t@youtu.be,Female,8207
175,Sherlock,Flooks,sflooks4u@meetup.com,Male,3794
176,Nefen,Grisedale,ngrisedale4v@hud.gov,Male,1407
177,Worthington,Tatnell,wtatnell4w@chicagotribune.com,Male,5987
178,Natty,Dewitt,ndewitt4x@sun.com,Male,3430
179,Sallie,Swarbrigg,sswarbrigg4y@w3.org,Female,2389
180,Nichol,Ikin,nikin4z@theguardian.com,Female,4809
181,Wilden,Kirkham,wkirkham50@tripod.com,Male,3696
182,Hamish,Chadney,hchadney51@nyu.edu,Male,8974
183,Jodie,Dungee,jdungee52@csmonitor.com,Male,2793
184,Rickard,Dechelette,rdechelette53@weather.com,Male,8422
185,Olag,Ifill,oifill54@oakley.com,Male,2726
186,Rutherford,Dosedale,rdosedale55@freewebs.com,Male,6657
187,Sula,MacNally,smacnally56@nydailynews.com,Female,4599
188,Conway,Castagneto,ccastagneto57@soup.io,Male,8985
189,Barr,Robshaw,brobshaw58@wufoo.com,Male,7382
190,Krishna,Dabney,kdabney59@yahoo.co.jp,Male,2298
191,Damara,Havvock,dhavvock5a@google.de,Female,5355
192,Maxie,Orbon,morbon5b@huffingtonpost.com,Male,5114
193,Saundra,Latus,slatus5c@pbs.org,Male,4368
194,Bren,Muino,bmuino5d@webeden.co.uk,Male,5277
195,Samantha,Gatsby,sgatsby5e@newsvine.com,Female,7918
196,Suzy,Nisius,snisius5f@nifty.com,Female,4193
197,Neale,Allsobrook,nallsobrook5g@biblegateway.com,Male,5309
198,Rodolfo,Graham,rgraham5h@rakuten.co.jp,Male,9256
199,Kirsti,Fallowfield,kfallowfield5i@google.cn,Female,5430
200,Silvan,Silkston,ssilkston5j@google.com.br,Male,6274
201,Grady,Anselmi,ganselmi5k@cdc.gov,Male,5729
202,Eldridge,Galland,egalland5l@jiathis.com,Male,2780
203,Caitrin,Helin,chelin5m@businesswire.com,Female,8817
204,Florence,Sirr,fsirr5n@hao123.com,Female,1929
205,Steve,Selwin,sselwin5o@ft.com,Male,5928
206,Kienan,Belamy,kbelamy5p@artisteer.com,Male,7931
207,Alexander,Greig,agreig5q@typepad.com,Male,2369
208,Christin,Aronovitz,caronovitz5r@dot.gov,Female,6470
209,Lissy,Yushkov,lyushkov5s@narod.ru,Female,5225
210,Rey,Kupper,rkupper5t@nifty.com,Female,9469
211,Rinaldo,Rolf,rrolf5u@quantcast.com,Male,5253
212,Bay,Izat,bizat5v@cafepress.com,Male,7263
213,Enos,Scrymgeour,escrymgeour5w@ftc.gov,Male,8823
214,Justino,Orvis,jorvis5x@wisc.edu,Male,8541
215,Othilia,Flockhart,oflockhart5y@shareasale.com,Female,2033
216,Saundra,Renowden,srenowden5z@nytimes.com,Female,4305
217,Austine,Wybern,awybern60@altervista.org,Female,4157
218,Jacobo,Lanham,jlanham61@seattletimes.com,Male,4400
219,Paten,Joreau,pjoreau62@nhs.uk,Male,8474
220,Griffy,Wickersley,gwickersley63@toplist.cz,Male,5271
221,Glory,Damsell,gdamsell64@va.gov,Female,7826
222,Waldemar,Smithers,wsmithers65@miibeian.gov.cn,Male,3944
223,Junette,Gregson,jgregson66@tiny.cc,Female,1999
224,Katey,Chessman,kchessman67@squarespace.com,Female,9121
225,Lorinda,Cardello,lcardello68@symantec.com,Female,7958
226,Rikki,Rowbury,rrowbury69@cdc.gov,Male,1883
227,Richmond,Puxley,rpuxley6a@seesaa.net,Male,6779
228,Eadmund,Heaphy,eheaphy6b@nbcnews.com,Male,7403
229,Johny,Brownsea,jbrownsea6c@mapy.cz,Male,3287
230,Cosimo,Maystone,cmaystone6d@who.int,Male,9914
231,Teodorico,Kneaphsey,tkneaphsey6e@webeden.co.uk,Male,5181
232,Chandal,Martyn,cmartyn6f@friendfeed.com,Female,8344
233,Frankie,Dimsdale,fdimsdale6g@bandcamp.com,Female,4155
234,Caleb,Volage,cvolage6h@posterous.com,Male,2009
235,Monah,Pawelec,mpawelec6i@a8.net,Female,9614
236,Karisa,Fairman,kfairman6j@youtu.be,Female,1959
237,Carey,Hobson,chobson6k@jimdo.com,Female,6514
238,Marlane,Cashell,mcashell6l@mozilla.org,Female,9768
239,Erina,Minty,eminty6m@bigcartel.com,Female,5112
240,Zandra,Rickesies,zrickesies6n@house.gov,Female,3622
241,Colene,Elnor,celnor6o@nih.gov,Female,2086
242,Kile,Bavage,kbavage6p@networksolutions.com,Male,8217
243,Gracia,Thripp,gthripp6q@prweb.com,Female,2738
244,Glen,McNysche,gmcnysche6r@weebly.com,Female,7866
245,Ernesto,Fellnee,efellnee6s@xrea.com,Male,5275
246,Orsa,Redier,oredier6t@tmall.com,Female,7772
247,Mathias,Pelchat,mpelchat6u@diigo.com,Male,5314
248,Farleigh,Craker,fcraker6v@hud.gov,Male,6726
249,Christa,Dowman,cdowman6w@bravesites.com,Female,5977
250,Temp,Fewlass,tfewlass6x@wix.com,Male,7720
251,Alina,Tue,atue6y@delicious.com,Female,9845
252,Cristionna,Partington,cpartington6z@dmoz.org,Female,6355
253,Herminia,Bennike,hbennike70@unblog.fr,Female,7484
254,Flint,Weigh,fweigh71@1688.com,Male,2959
255,Barbe,Holtum,bholtum72@ibm.com,Female,5377
256,Warden,McIleen,wmcileen73@soundcloud.com,Male,1065
257,Elvira,Drife,edrife74@globo.com,Female,7530
258,Hanson,Dable,hdable75@yahoo.co.jp,Male,9294
259,Jesus,Ovey,jovey76@wikispaces.com,Male,1724
260,Karol,Fairest,kfairest77@t-online.de,Female,3236
261,Maxie,Bernaldo,mbernaldo78@state.gov,Male,2878
262,Shelley,Kenwright,skenwright79@nyu.edu,Female,9375
263,Silvano,Coot,scoot7a@4shared.com,Male,9627
264,Scotty,Dufaire,sdufaire7b@sphinn.com,Male,8623
265,Amble,Corkhill,acorkhill7c@behance.net,Male,5373
266,Ruggiero,Waller,rwaller7d@omniture.com,Male,3213
267,Fonz,Simeone,fsimeone7e@uol.com.br,Male,3165
268,Neely,Vineall,nvineall7f@who.int,Female,9539
269,Lem,Pesak,lpesak7g@pinterest.com,Male,4415
270,Daune,Emmison,demmison7h@tiny.cc,Female,7470
271,Stormi,MacNish,smacnish7i@harvard.edu,Female,9890
272,Dolorita,Phateplace,dphateplace7j@godaddy.com,Female,9286
273,Laney,Saxton,lsaxton7k@wiley.com,Male,7131
274,Aila,Sheran,asheran7l@ow.ly,Female,3448
275,Tanney,Byllam,tbyllam7m@cmu.edu,Male,8657
276,Winston,Sirkett,wsirkett7n@lycos.com,Male,2760
277,Sophey,Ogdahl,sogdahl7o@ocn.ne.jp,Female,8467
278,Vaughn,Brooks,vbrooks7p@vistaprint.com,Male,9463
279,Caren,Handrick,chandrick7q@house.gov,Female,5215
280,Gerti,Franzoli,gfranzoli7r@huffingtonpost.com,Female,4170
281,Luigi,Mordecai,lmordecai7s@com.com,Male,5710
282,Sophronia,Easey,seasey7t@opensource.org,Female,8008
283,Erroll,Knevett,eknevett7u@tuttocitta.it,Male,1321
284,Natala,Cartledge,ncartledge7v@printfriendly.com,Female,7362
285,Linnie,McCaughan,lmccaughan7w@abc.net.au,Female,2498
286,Bernard,Tewnion,btewnion7x@ustream.tv,Male,4822
287,Berty,Allett,ballett7y@plala.or.jp,Male,3426
288,Katha,Redmond,kredmond7z@walmart.com,Female,1964
289,Aurelea,Grodden,agrodden80@cornell.edu,Female,3494
290,Bess,Beattie,bbeattie81@comsenz.com,Female,2884
291,Bertie,Lummus,blummus82@shop-pro.jp,Female,2875
292,Gard,Noel,gnoel83@yolasite.com,Male,4505
293,Shandee,Forgan,sforgan84@free.fr,Female,4801
294,Tim,Wethey,twethey85@alibaba.com,Male,1728
295,Tarrance,Colquhoun,tcolquhoun86@livejournal.com,Male,1932
296,Darby,Yakuntzov,dyakuntzov87@go.com,Male,1556
297,Reinaldos,Ben,rben88@mail.ru,Male,6252
298,Orsola,Sargent,osargent89@taobao.com,Female,9531
299,Giacomo,Ride,gride8a@bandcamp.com,Male,6623
300,Allen,Hartlebury,ahartlebury8b@wisc.edu,Male,7030
301,Alwyn,M'Quharge,amquharge8c@hibu.com,Male,1515
302,Merle,Ecclesall,mecclesall8d@barnesandnoble.com,Female,3867
303,Ellswerth,Dobby,edobby8e@adobe.com,Male,2926
304,Corabel,Adolfson,cadolfson8f@geocities.jp,Female,5092
305,Skell,Wardingly,swardingly8g@networksolutions.com,Male,8809
306,Gianna,Cadwell,gcadwell8h@jiathis.com,Female,3066
307,Ahmed,Toupe,atoupe8i@mtv.com,Male,6749
308,Nicolette,Brunton,nbrunton8j@google.fr,Female,4425
309,Hersh,Dursley,hdursley8k@amazon.com,Male,3455
310,Nollie,Knowling,nknowling8l@w3.org,Male,6759
311,Cesar,Crowcum,ccrowcum8m@vistaprint.com,Male,1960
312,Coleen,Muddiman,cmuddiman8n@miitbeian.gov.cn,Female,9240
313,Frederique,Allmann,fallmann8o@surveymonkey.com,Female,2016
314,Jaymie,Boulton,jboulton8p@usgs.gov,Male,6580
315,Galen,Armytage,garmytage8q@reference.com,Male,9492
316,Geraldine,Goodfield,ggoodfield8r@sourceforge.net,Female,2157
317,Lexy,Attwill,lattwill8s@hc360.com,Female,6767
318,Raddy,Tallyn,rtallyn8t@seesaa.net,Male,8275
319,Tome,Aronovitz,taronovitz8u@liveinternet.ru,Male,1411
320,Charlotte,Frisdick,cfrisdick8v@google.pl,Female,6980
321,Cyndy,Andreini,candreini8w@techcrunch.com,Female,9573
322,Jo-anne,Scales,jscales8x@g.co,Female,3116
323,Orsa,Cafferky,ocafferky8y@senate.gov,Female,5769
324,Valida,Lambell,vlambell8z@omniture.com,Female,5763
325,Rosemarie,Gregoratti,rgregoratti90@seattletimes.com,Female,2008
326,Alexio,Iacovino,aiacovino91@deviantart.com,Male,2206
327,Winnifred,Hinrichs,whinrichs92@utexas.edu,Female,2766
328,Josie,Lafranconi,jlafranconi93@go.com,Female,7080
329,Candace,Spowart,cspowart94@wordpress.org,Female,8929
330,Toma,Benton,tbenton95@huffingtonpost.com,Female,4085
331,Zorine,Hannam,zhannam96@altervista.org,Female,9512
332,Carine,Eagan,ceagan97@shop-pro.jp,Female,3790
333,Fenelia,Poser,fposer98@newsvine.com,Female,5482
334,Anissa,Blindermann,ablindermann99@alexa.com,Female,4374
335,Morse,Loffel,mloffel9a@is.gd,Male,4372
336,Hewett,Ramas,hramas9b@statcounter.com,Male,1907
337,Samuel,Bavester,sbavester9c@sina.com.cn,Male,4955
338,Boote,Raulston,braulston9d@usnews.com,Male,7499
339,Alric,Pollen,apollen9e@wordpress.org,Male,4953
340,Catharine,Cracker,ccracker9f@jimdo.com,Female,5901
341,Jenny,Hayler,jhayler9g@howstuffworks.com,Female,4851
342,Benita,D'Antonio,bdantonio9h@nsw.gov.au,Female,4718
343,Marlene,Hatfull,mhatfull9i@columbia.edu,Female,3892
344,Blondie,Mallender,bmallender9j@apple.com,Female,6684
345,Deny,Alcorn,dalcorn9k@dot.gov,Female,1324
346,Field,Lochhead,flochhead9l@weebly.com,Male,1812
347,Rorie,Andrini,randrini9m@sun.com,Female,6721
348,Ernie,Belmont,ebelmont9n@auda.org.au,Male,8876
349,Durante,Lyven,dlyven9o@unblog.fr,Male,6228
350,Morna,Challenor,mchallenor9p@unesco.org,Female,1217
351,Berny,Mea,bmea9q@ning.com,Female,5235
352,Vicky,Buttrick,vbuttrick9r@last.fm,Female,5915
353,Tiebout,Blanking,tblanking9s@cornell.edu,Male,8391
354,Sargent,Tupman,stupman9t@taobao.com,Male,8571
355,Janice,Carik,jcarik9u@simplemachines.org,Female,1949
356,Alard,Sculpher,asculpher9v@nba.com,Male,8555
357,Manfred,Rossiter,mrossiter9w@businessweek.com,Male,5119
358,Pennie,Carroll,pcarroll9x@skyrock.com,Male,9612
359,Hewet,Bulfoot,hbulfoot9y@mozilla.org,Male,1571
360,Jed,Slaughter,jslaughter9z@cnet.com,Male,3312
361,Matilda,Mablestone,mmablestonea0@blogs.com,Female,2368
362,Margret,Morrall,mmorralla1@skype.com,Female,6234
363,Cara,Polly,cpollya2@miibeian.gov.cn,Female,2548
364,Eden,Atwel,eatwela3@netlog.com,Female,4367
365,Muffin,Kenningley,mkenningleya4@google.co.jp,Female,9199
366,Kele,Tuite,ktuitea5@shinystat.com,Male,7436
367,Kleon,Farrant,kfarranta6@desdev.cn,Male,3028
368,Guss,Spurway,gspurwaya7@berkeley.edu,Male,8759
369,Cross,Shailer,cshailera8@cafepress.com,Male,8648
370,Burtie,Tulk,btulka9@unc.edu,Male,4014
371,Buiron,Spollen,bspollenaa@last.fm,Male,5153
372,Benjamen,Yerrell,byerrellab@de.vu,Male,7075
373,Gar,Corpes,gcorpesac@time.com,Male,2495
374,Elsie,Potebury,epoteburyad@seesaa.net,Female,8192
375,Harris,Ellacott,hellacottae@deviantart.com,Male,2701
376,Ketti,McGruar,kmcgruaraf@surveymonkey.com,Female,9125
377,Torrence,Greave,tgreaveag@sitemeter.com,Male,6554
378,Felizio,Neylan,fneylanah@alibaba.com,Male,5967
379,Dominick,Reims,dreimsai@psu.edu,Male,2243
380,Shelia,Wyleman,swylemanaj@lycos.com,Female,1376
381,Percy,Giovannardi,pgiovannardiak@360.cn,Male,6337
382,Zacharie,Pursehouse,zpursehouseal@npr.org,Male,9700
383,Barbara,Diment,bdimentam@geocities.com,Female,7743
384,Sarette,Font,sfontan@amazon.co.jp,Female,1616
385,Pincus,Cowhig,pcowhigao@java.com,Male,4073
386,Alyssa,Ellerman,aellermanap@indiegogo.com,Female,4440
387,Fabien,Carrier,fcarrieraq@si.edu,Male,7704
388,Tallia,Curnnok,tcurnnokar@com.com,Female,8623
389,Obed,Tinson,otinsonas@about.com,Male,4997
390,Denver,Marten,dmartenat@sakura.ne.jp,Male,3452
391,Salmon,Brasher,sbrasherau@rambler.ru,Male,2207
392,Liz,Petrishchev,lpetrishchevav@tiny.cc,Female,8856
393,Kass,Boddington,kboddingtonaw@engadget.com,Female,9470
394,Rancell,Crisp,rcrispax@tinypic.com,Male,2857
395,Jeana,Eyckelberg,jeyckelbergay@boston.com,Female,2480
396,Daniele,Fibbens,dfibbensaz@1688.com,Female,9771
397,Jocko,Creech,jcreechb0@hao123.com,Male,5063
398,Cointon,Jeremaes,cjeremaesb1@google.ca,Male,9157
399,Adria,Opdenorth,aopdenorthb2@google.nl,Female,9347
400,Pammy,Sandbrook,psandbrookb3@pagesperso-orange.fr,Female,5357
401,Pavel,Dallas,pdallasb4@dmoz.org,Male,7994
402,Chrissie,Roots,crootsb5@sohu.com,Male,2823
403,Georgia,Crosland,gcroslandb6@alexa.com,Female,4245
404,Hobard,Waterland,hwaterlandb7@msn.com,Male,6506
405,Bayard,Ferrieri,bferrierib8@topsy.com,Male,9898
406,Aridatha,Storres,astorresb9@fda.gov,Female,7960
407,Sherm,Valadez,svaladezba@forbes.com,Male,8785
408,Tobe,Bristo,tbristobb@seattletimes.com,Female,8317
409,Rodge,Hedingham,rhedinghambc@deviantart.com,Male,8132
410,Evita,Sines,esinesbd@cbslocal.com,Female,6048
411,Ellswerth,Feechum,efeechumbe@squidoo.com,Male,2539
412,Melanie,Firebrace,mfirebracebf@amazon.de,Female,5699
413,Joela,Mason,jmasonbg@theglobeandmail.com,Female,4947
414,Candi,Godbehere,cgodbeherebh@elegantthemes.com,Female,8465
415,Tallia,O'Kane,tokanebi@liveinternet.ru,Female,8573
416,Broderic,Bringloe,bbringloebj@howstuffworks.com,Male,9797
417,Robinson,Clausson,rclaussonbk@yelp.com,Male,1256
418,Christoph,Espinos,cespinosbl@stanford.edu,Male,1744
419,Freddi,Hurnell,fhurnellbm@canalblog.com,Female,8347
420,Alexis,Murie,amuriebn@paypal.com,Male,1513
421,Ameline,Gigg,agiggbo@statcounter.com,Female,2959
422,Jethro,Friatt,jfriattbp@privacy.gov.au,Male,9714
423,Kerianne,Iddy,kiddybq@example.com,Female,8169
424,Hatti,Syplus,hsyplusbr@slate.com,Female,5120
425,Rosalie,Done,rdonebs@phpbb.com,Female,5816
426,Rosamund,Dudleston,rdudlestonbt@nps.gov,Female,5012
427,Adan,Brahmer,abrahmerbu@netlog.com,Male,6055
428,Delinda,Mithon,dmithonbv@purevolume.com,Female,6150
429,Emmi,Woolveridge,ewoolveridgebw@google.com.hk,Female,2364
430,Tiler,Webley,twebleybx@aboutads.info,Male,4917
431,Lucky,Benois,lbenoisby@blogspot.com,Female,4947
432,Lonnard,Coulston,lcoulstonbz@dailymotion.com,Male,2689
433,Hanna,Osgar,hosgarc0@nasa.gov,Female,6016
434,Killie,Gregoraci,kgregoracic1@wikispaces.com,Male,7007
435,Lanita,Castagnaro,lcastagnaroc2@webeden.co.uk,Female,7650
436,Roanna,Imesson,rimessonc3@cdbaby.com,Female,8280
437,Laurel,Funnell,lfunnellc4@jugem.jp,Female,9955
438,Delbert,McGeffen,dmcgeffenc5@com.com,Male,2032
439,Lucas,Berkelay,lberkelayc6@opera.com,Male,1057
440,Alvan,Ridsdale,aridsdalec7@nps.gov,Male,7155
441,Batholomew,Yabsley,byabsleyc8@mozilla.com,Male,3456
442,Mitzi,Churchill,mchurchillc9@imgur.com,Female,3637
443,Justina,Heinig,jheinigca@zimbio.com,Female,3972
444,Skipp,Epinoy,sepinoycb@nymag.com,Male,7868
445,Aylmer,Melan,amelancc@bizjournals.com,Male,3226
446,Trenton,Hagyard,thagyardcd@phpbb.com,Male,4352
447,Hurleigh,Lerohan,hlerohance@goo.ne.jp,Male,4040
448,Teodor,Calles,tcallescf@hubpages.com,Male,2471
449,Zerk,Blucher,zbluchercg@cbc.ca,Male,4573
450,Nolana,Godier,ngodierch@latimes.com,Female,3994
451,Malia,Rottery,mrotteryci@tuttocitta.it,Female,7835
452,Darrelle,Manjot,dmanjotcj@cnn.com,Female,3029
453,Ardith,Drei,adreick@g.co,Female,1218
454,Richard,Behrens,rbehrenscl@blogspot.com,Male,7919
455,Paco,Conerding,pconerdingcm@constantcontact.com,Male,7402
456,Normy,Mapp,nmappcn@springer.com,Male,2930
457,Beck,Slipper,bslipperco@purevolume.com,Male,5857
458,Adorne,Vassbender,avassbendercp@archive.org,Female,1004
459,Elisha,Walcher,ewalchercq@mac.com,Female,6183
460,Kellie,Alton,kaltoncr@hubpages.com,Female,1701
461,Sharia,Gillanders,sgillanderscs@cdbaby.com,Female,6279
462,Sullivan,Eede,seedect@alexa.com,Male,6031
463,Whitby,Baynham,wbaynhamcu@histats.com,Male,4158
464,Amble,Needs,aneedscv@shinystat.com,Male,1714
465,Eadith,Beech,ebeechcw@cam.ac.uk,Female,1274
466,Ann-marie,Kearle,akearlecx@alexa.com,Female,8608
467,Rosamund,Cushion,rcushioncy@jigsy.com,Female,9501
468,Margeaux,Wilcocks,mwilcockscz@ehow.com,Female,4477
469,Pauletta,Comino,pcominod0@google.com.hk,Female,6477
470,Amargo,Lonsbrough,alonsbroughd1@feedburner.com,Female,5128
471,Eugenio,Nineham,eninehamd2@buzzfeed.com,Male,7282
472,Hestia,Cleall,hclealld3@reddit.com,Female,9752
473,Ranique,Chalke,rchalked4@redcross.org,Female,6338
474,Mikkel,Hick,mhickd5@phpbb.com,Male,5268
475,Major,Crisford,mcrisfordd6@mozilla.com,Male,2024
476,Marion,Fever,mfeverd7@businessinsider.com,Male,3953
477,Hildagarde,Clopton,hcloptond8@upenn.edu,Female,9398
478,Nicolis,Lightewood,nlightewoodd9@lulu.com,Male,3417
479,Malissia,Ginsie,mginsieda@4shared.com,Female,7080
480,Nancy,Summersett,nsummersettdb@google.it,Female,5538
481,Gal,Fosher,gfosherdc@zimbio.com,Male,3396
482,Thibaut,Mazzei,tmazzeidd@exblog.jp,Male,1398
483,Bertrand,Tedridge,btedridgede@umich.edu,Male,2324
484,Neel,Brockman,nbrockmandf@mac.com,Male,4132
485,Winnie,Wade,wwadedg@europa.eu,Male,8173
486,Sheila-kathryn,Smithin,ssmithindh@thetimes.co.uk,Female,1084
487,Nicole,Laurent,nlaurentdi@fastcompany.com,Female,8864
488,Vivian,Dawidsohn,vdawidsohndj@samsung.com,Female,6478
489,Leslie,Andrysiak,landrysiakdk@goodreads.com,Female,6792
490,Bondy,Hanby,bhanbydl@freewebs.com,Male,6358
491,Kathryn,Boswood,kboswooddm@timesonline.co.uk,Female,4367
492,Kerry,Antrag,kantragdn@zimbio.com,Male,4914
493,Donna,Capstaff,dcapstaffdo@pen.io,Female,8937
494,Hamid,Stormes,hstormesdp@umn.edu,Male,4691
495,Orin,Scirman,oscirmandq@gizmodo.com,Male,5718
496,Valeda,Newcome,vnewcomedr@microsoft.com,Female,4172
497,Barbra,Cushe,bcusheds@omniture.com,Female,8074
498,Averell,Vorley,avorleydt@slashdot.org,Male,9669
499,Thomasina,Rymour,trymourdu@bbb.org,Female,4810
500,Llywellyn,Millett,lmillettdv@google.ca,Male,6921
501,Mandie,Willetts,mwillettsdw@walmart.com,Female,5677
502,Patrice,McGibbon,pmcgibbondx@weather.com,Female,7504
503,Judas,Fossord,jfossorddy@tiny.cc,Male,3849
504,Birch,Firmage,bfirmagedz@sitemeter.com,Male,2880
505,Aldon,Kinneally,akinneallye0@1und1.de,Male,9479
506,Thibaut,Ravens,travense1@unc.edu,Male,9751
507,Brocky,Smyley,bsmyleye2@buzzfeed.com,Male,8308
508,Dniren,Jumonet,djumonete3@epa.gov,Female,3166
509,Guillema,Forten,gfortene4@arizona.edu,Female,1325
510,Bertrand,Bedell,bbedelle5@t.co,Male,9934
511,Rubi,Oselton,roseltone6@hatena.ne.jp,Female,1795
512,Andris,Sercombe,asercombee7@nytimes.com,Male,8331
513,Ladonna,Fiddymont,lfiddymonte8@surveymonkey.com,Female,8390
514,Ciro,Mincini,cmincinie9@msn.com,Male,6023
515,Woody,Keely,wkeelyea@hc360.com,Male,1708
516,Bealle,Bayles,bbayleseb@answers.com,Male,6996
517,Carilyn,Senchenko,csenchenkoec@ezinearticles.com,Female,2239
518,Gerald,Annon,gannoned@addtoany.com,Male,5419
519,Gwenora,Holywell,gholywellee@mlb.com,Female,6001
520,Aggie,Heintz,aheintzef@drupal.org,Female,4017
521,Christie,Matanin,cmatanineg@51.la,Female,5284
522,James,Feeley,jfeeleyeh@tiny.cc,Male,8386
523,Marilyn,MacRanald,mmacranaldei@w3.org,Female,8230
524,Karon,Maggi,kmaggiej@umich.edu,Female,8106
525,Giles,Bisco,gbiscoek@cam.ac.uk,Male,8155
526,Gregoire,Corsor,gcorsorel@google.pl,Male,6386
527,Sada,Portingale,sportingaleem@photobucket.com,Female,6154
528,Sholom,Berrane,sberraneen@umn.edu,Male,6416
529,Innis,MacNair,imacnaireo@google.com.br,Male,2916
530,Pia,Lattimore,plattimoreep@youku.com,Female,6075
531,Yolane,Outibridge,youtibridgeeq@geocities.com,Female,1348
532,Marci,Aleksandrev,maleksandrever@craigslist.org,Female,5295
533,Lezley,Leak,lleakes@twitpic.com,Male,7336
534,Sollie,Londer,slonderet@google.co.jp,Male,7712
535,Dorotea,Plenderleith,dplenderleitheu@squarespace.com,Female,8885
536,Nan,Pelman,npelmanev@intel.com,Female,1825
537,Mommy,Jobbins,mjobbinsew@gizmodo.com,Female,1882
538,Krishna,Grinnell,kgrinnellex@weebly.com,Male,1223
539,Chad,Oxherd,coxherdey@blinklist.com,Male,3118
540,Averil,Skynner,askynnerez@qq.com,Female,7105
541,Aeriel,Keene,akeenef0@fda.gov,Female,1153
542,Jaynell,Petr,jpetrf1@bandcamp.com,Female,6529
543,Tye,Halstead,thalsteadf2@symantec.com,Male,5927
544,Barbey,Toe,btoef3@etsy.com,Female,2306
545,Natassia,Faltin,nfaltinf4@about.me,Female,7198
546,Cirillo,Rugieri,crugierif5@hubpages.com,Male,7820
547,Jase,Gorgl,jgorglf6@vimeo.com,Male,2000
548,Mychal,Alenichicov,malenichicovf7@goo.gl,Male,3582
549,Sisely,Whitlock,swhitlockf8@wikimedia.org,Female,5104
550,Vito,Goldring,vgoldringf9@miibeian.gov.cn,Male,7928
551,Rafferty,Arlidge,rarlidgefa@uiuc.edu,Male,4760
552,Georg,Vellden,gvelldenfb@wiley.com,Male,4288
553,Paolo,Kittel,pkittelfc@phpbb.com,Male,4659
554,Cindi,Willimot,cwillimotfd@cdbaby.com,Female,6052
555,Dix,Barkhouse,dbarkhousefe@mac.com,Female,9405
556,Shelley,Halversen,shalversenff@unesco.org,Male,9803
557,Sadye,Brogiotti,sbrogiottifg@stanford.edu,Female,3884
558,Mitch,Juster,mjusterfh@ft.com,Male,8107
559,Anthia,Franken,afrankenfi@creativecommons.org,Female,2552
560,Linn,Ascough,lascoughfj@tripadvisor.com,Male,1256
561,Ransom,Dikes,rdikesfk@baidu.com,Male,8293
562,Hanni,Martlew,hmartlewfl@shinystat.com,Female,1032
563,Yves,Carlesso,ycarlessofm@hibu.com,Male,6562
564,Bibbye,Lazenby,blazenbyfn@nyu.edu,Female,9344
565,Gibby,Molder,gmolderfo@fc2.com,Male,1953
566,Eachelle,Rumble,erumblefp@123-reg.co.uk,Female,7587
567,Darnell,Davie,ddaviefq@wix.com,Male,1999
568,Gael,Pistol,gpistolfr@discovery.com,Male,5324
569,Dacie,Heersma,dheersmafs@free.fr,Female,9014
570,Carla,Troppmann,ctroppmannft@wikimedia.org,Female,2049
571,Valentina,Eayres,veayresfu@e-recht24.de,Female,2373
572,Caye,Figurski,cfigurskifv@reference.com,Female,1643
573,Worthington,Chessman,wchessmanfw@sogou.com,Male,9329
574,Edi,Gladdis,egladdisfx@bloomberg.com,Female,8360
575,Trudie,Rigard,trigardfy@com.com,Female,1879
576,Christoph,Terrill,cterrillfz@wp.com,Male,2520
577,Guthrie,Ebbrell,gebbrellg0@reuters.com,Male,8279
578,Elene,Pogosian,epogosiang1@studiopress.com,Female,1073
579,Laughton,Briston,lbristong2@wp.com,Male,5893
580,Darbie,Graham,dgrahamg3@msu.edu,Female,7153
581,Jarrid,Splevins,jsplevinsg4@a8.net,Male,7675
582,Mike,Baunton,mbauntong5@webmd.com,Male,1523
583,Rochell,Vinecombe,rvinecombeg6@opera.com,Female,8788
584,Marleah,Hanvey,mhanveyg7@sfgate.com,Female,2357
585,Trey,Godbehere,tgodbehereg8@flavors.me,Male,7529
586,Kristien,Berthon,kberthong9@i2i.jp,Female,6774
587,Evita,Merrifield,emerrifieldga@un.org,Female,5145
588,Fairlie,Daymond,fdaymondgb@angelfire.com,Male,3819
589,Thibaut,Elsley,telsleygc@china.com.cn,Male,6811
590,Iosep,Houtbie,ihoutbiegd@bbc.co.uk,Male,4825
591,Geri,Farherty,gfarhertyge@spiegel.de,Male,7494
592,Tatum,Bowdler,tbowdlergf@china.com.cn,Female,1187
593,Glori,Caulder,gcauldergg@comcast.net,Female,8003
594,Ellis,Birtwell,ebirtwellgh@wp.com,Male,2029
595,Shurlocke,Devereux,sdevereuxgi@va.gov,Male,3772
596,Renate,Grugerr,rgrugerrgj@free.fr,Female,9949
597,Carolus,Hurnell,churnellgk@blogtalkradio.com,Male,1779
598,Corliss,Goymer,cgoymergl@purevolume.com,Female,3205
599,Shay,Di Biagi,sdibiagigm@sogou.com,Female,5493
600,Hendrik,Kenewell,hkenewellgn@icio.us,Male,5467
601,Nil,Maw,nmawgo@mozilla.com,Male,1338
602,Portia,Tucknutt,ptucknuttgp@nbcnews.com,Female,3333
603,Silva,Reddings,sreddingsgq@ifeng.com,Female,6180
604,Hubey,Kinnin,hkinningr@skyrock.com,Male,8311
605,Horten,Python,hpythongs@howstuffworks.com,Male,2306
606,Joellen,Crallan,jcrallangt@timesonline.co.uk,Female,2091
607,Quentin,Larkings,qlarkingsgu@netvibes.com,Male,3460
608,Martguerita,Kennington,mkenningtongv@jugem.jp,Female,9575
609,Georgina,Stoffer,gstoffergw@trellian.com,Female,6544
610,Dwight,O'Feeney,dofeeneygx@senate.gov,Male,6996
611,Ginevra,McGeaney,gmcgeaneygy@upenn.edu,Female,2723
612,Kerr,Pareman,kparemangz@friendfeed.com,Male,7373
613,Allis,Butte,abutteh0@1688.com,Female,3589
614,Myrta,Crisp,mcrisph1@nps.gov,Female,5074
615,Mil,Pallasch,mpallaschh2@fotki.com,Female,7474
616,Bradney,Henighan,bhenighanh3@bing.com,Male,6051
617,Noam,Ivoshin,nivoshinh4@livejournal.com,Male,1689
618,Tanney,Kenright,tkenrighth5@unblog.fr,Male,7277
619,Erasmus,Aaronsohn,eaaronsohnh6@webnode.com,Male,1842
620,Saundra,Drinan,sdrinanh7@wordpress.com,Male,7244
621,Vikky,Franzotto,vfranzottoh8@youtube.com,Female,2844
622,Milka,Seedman,mseedmanh9@weibo.com,Female,7394
623,Nikola,Posnett,nposnettha@mozilla.org,Male,9137
624,Torey,Lynagh,tlynaghhb@ow.ly,Male,9626
625,Nicholas,Venny,nvennyhc@oaic.gov.au,Male,8928
626,Yuri,MacCurley,ymaccurleyhd@bravesites.com,Male,7098
627,Herbie,Saterthwait,hsaterthwaithe@blogspot.com,Male,3737
628,Vladamir,Filson,vfilsonhf@a8.net,Male,6845
629,Faythe,Wyllcocks,fwyllcockshg@wikia.com,Female,5611
630,Jodi,Ossulton,jossultonhh@nytimes.com,Female,1184
631,Sinclare,Gringley,sgringleyhi@patch.com,Male,5518
632,Gael,Curlis,gcurlishj@squidoo.com,Female,5767
633,Jae,Gunstone,jgunstonehk@trellian.com,Male,7920
634,Geoff,Feehery,gfeeheryhl@upenn.edu,Male,3625
635,Jonah,Titterrell,jtitterrellhm@cbc.ca,Male,8951
636,Margo,Lambdean,mlambdeanhn@earthlink.net,Female,5631
637,Saundra,Redwood,sredwoodho@mtv.com,Male,7684
638,Itch,Maro,imarohp@cisco.com,Male,5387
639,Kailey,Blunsom,kblunsomhq@engadget.com,Female,7025
640,Tammy,Tidball,ttidballhr@twitpic.com,Female,8706
641,Sauncho,Seakes,sseakeshs@huffingtonpost.com,Male,6117
642,Pammie,Maidens,pmaidensht@indiegogo.com,Female,9161
643,Ros,Gresser,rgresserhu@soundcloud.com,Female,5852
644,Lauraine,Grabert,lgraberthv@google.fr,Female,4983
645,Jane,Lydden,jlyddenhw@privacy.gov.au,Female,6209
646,Alecia,Whybray,awhybrayhx@rakuten.co.jp,Female,7785
647,D'arcy,Phinnis,dphinnishy@soup.io,Male,2190
648,Mariana,Hedditch,mhedditchhz@hao123.com,Female,2774
649,Devinne,MacCaghan,dmaccaghani0@hc360.com,Female,6678
650,Larisa,Birbeck,lbirbecki1@ft.com,Female,8095
651,Aili,Seston,asestoni2@posterous.com,Female,9241
652,Imelda,Burdytt,iburdytti3@nsw.gov.au,Female,9997
653,Kale,Pisculli,kpiscullii4@issuu.com,Male,6710
654,Umberto,Jermy,ujermyi5@hatena.ne.jp,Male,8913
655,Daphene,Pieters,dpietersi6@nationalgeographic.com,Female,1303
656,Cristen,Oneal,coneali7@tamu.edu,Female,8690
657,Phillis,Yard,pyardi8@moonfruit.com,Female,5369
658,Tyrus,Delany,tdelanyi9@marriott.com,Male,7190
659,Robbyn,Sealeaf,rsealeafia@newyorker.com,Female,1415
660,Kassi,Kits,kkitsib@howstuffworks.com,Female,8040
661,Jillane,O'Scully,joscullyic@yandex.ru,Female,1897
662,Morna,Jutson,mjutsonid@dion.ne.jp,Female,6236
663,Paulita,Joynson,pjoynsonie@wp.com,Female,5601
664,Zachary,Fildes,zfildesif@wikipedia.org,Male,8080
665,Augusto,Sollime,asollimeig@hp.com,Male,4749
666,Alexine,Kemmett,akemmettih@wsj.com,Female,1630
667,Wyatan,Mellers,wmellersii@symantec.com,Male,7625
668,Rosalia,Mc Caughen,rmccaughenij@nps.gov,Female,4877
669,Archy,Siward,asiwardik@indiegogo.com,Male,9238
670,Othelia,Charrier,ocharrieril@free.fr,Female,2789
671,Hildegaard,Teece,hteeceim@netlog.com,Female,4604
672,Hyacinthe,Sally,hsallyin@sogou.com,Female,5025
673,Deedee,Hulett,dhulettio@ebay.co.uk,Female,7909
674,Inigo,Whapham,iwhaphamip@pen.io,Male,7542
675,Jonell,Mandeville,jmandevilleiq@weebly.com,Female,3758
676,Toddie,Courtney,tcourtneyir@google.com.hk,Male,8419
677,Editha,Littley,elittleyis@hp.com,Female,1946
678,Andreas,Ivanchin,aivanchinit@toplist.cz,Male,6181
679,Bunni,Boarleyson,bboarleysoniu@phpbb.com,Female,6611
680,Tye,Beament,tbeamentiv@wordpress.org,Male,6066
681,Charmane,Izak,cizakiw@networksolutions.com,Female,6928
682,Atlanta,Rubinovici,arubinoviciix@umich.edu,Female,5097
683,Virge,Backler,vbackleriy@wikia.com,Male,2066
684,Becky,Wife,bwifeiz@theglobeandmail.com,Female,9011
685,Vannie,Pyrah,vpyrahj0@yahoo.com,Female,2334
686,Sari,Hassur,shassurj1@tmall.com,Female,9965
687,Ree,Cale,rcalej2@jugem.jp,Female,4205
688,Conant,McGaughay,cmcgaughayj3@live.com,Male,1346
689,Ikey,Cadany,icadanyj4@indiegogo.com,Male,1460
690,Allayne,Ropking,aropkingj5@dion.ne.jp,Male,5176
691,Corey,Baudts,cbaudtsj6@istockphoto.com,Male,8956
692,Nickie,Schleicher,nschleicherj7@a8.net,Female,6937
693,Jade,Drackford,jdrackfordj8@instagram.com,Female,9381
694,Liza,Potkins,lpotkinsj9@umn.edu,Female,1037
695,Tessa,Pierrepoint,tpierrepointja@foxnews.com,Female,7874
696,Ulrika,Kinnie,ukinniejb@ted.com,Female,4941
697,Blake,Huzzey,bhuzzeyjc@xing.com,Female,8054
698,Norbert,Bruty,nbrutyjd@dmoz.org,Male,1444
699,Ambrosi,Fearon,afearonje@fema.gov,Male,8224
700,Harbert,Feifer,hfeiferjf@msu.edu,Male,2970
701,Lionel,Bresman,lbresmanjg@amazon.de,Male,8196
702,Lowrance,Gaines,lgainesjh@ibm.com,Male,1455
703,Branden,Joy,bjoyji@youku.com,Male,5672
704,Mozes,Lovejoy,mlovejoyjj@friendfeed.com,Male,4668
705,Paxton,Peskett,ppeskettjk@mediafire.com,Male,7291
706,Barbabas,Berling,bberlingjl@bloomberg.com,Male,4618
707,Vita,Maestro,vmaestrojm@phoca.cz,Female,6348
708,Vladimir,Hardingham,vhardinghamjn@bizjournals.com,Male,9609
709,Marjorie,Wycliff,mwycliffjo@shop-pro.jp,Female,4756
710,Leanor,Reinisch,lreinischjp@java.com,Female,5451
711,Rafe,Lippingwell,rlippingwelljq@un.org,Male,3022
712,Erena,Everson,eeversonjr@google.ca,Female,7681
713,Griswold,Clohissy,gclohissyjs@newyorker.com,Male,5463
714,Damita,Balwin,dbalwinjt@mtv.com,Female,1679
715,Dorris,Grieves,dgrievesju@seesaa.net,Female,2055
716,Tanny,Rubury,truburyjv@oaic.gov.au,Male,6216
717,Ernestus,Dobinson,edobinsonjw@hao123.com,Male,8214
718,Sophi,Crimmins,scrimminsjx@java.com,Female,3342
719,Nevile,Greenough,ngreenoughjy@seattletimes.com,Male,1097
720,Philomena,Haggath,phaggathjz@admin.ch,Female,5545
721,Skelly,Cowling,scowlingk0@histats.com,Male,4445
722,Roberta,Dymond,rdymondk1@naver.com,Female,4850
723,Brnaby,Caccavella,bcaccavellak2@theatlantic.com,Male,9240
724,Chet,Flecknell,cflecknellk3@free.fr,Male,2699
725,Jo,Brayson,jbraysonk4@networksolutions.com,Male,7584
726,Marigold,Kairns,mkairnsk5@mit.edu,Female,9294
727,Quinta,Caldicott,qcaldicottk6@chronoengine.com,Female,5000
728,Rand,Ferrettino,rferrettinok7@shareasale.com,Male,9883
729,Katleen,Lankham,klankhamk8@un.org,Female,9022
730,Sal,Yukhnev,syukhnevk9@nifty.com,Male,2326
731,Sean,Gilffilland,sgilffillandka@odnoklassniki.ru,Female,5906
732,Valentia,Bagshaw,vbagshawkb@microsoft.com,Female,3354
733,Codee,Bentke,cbentkekc@phpbb.com,Female,9416
734,Billy,Bertelmot,bbertelmotkd@cpanel.net,Male,6430
735,Brett,Kirkebye,bkirkebyeke@irs.gov,Female,7117
736,Conroy,Losano,closanokf@bloglines.com,Male,9611
737,Kayne,McLuckie,kmcluckiekg@webmd.com,Male,1467
738,Selestina,Cotty,scottykh@edublogs.org,Female,2381
739,Mandy,Gorden,mgordenki@symantec.com,Female,9607
740,Laurens,Rylands,lrylandskj@pen.io,Male,8435
741,Meggie,Gagen,mgagenkk@mashable.com,Female,9503
742,Ammamaria,Stretton,astrettonkl@w3.org,Female,5698
743,Trude,Lambourne,tlambournekm@squarespace.com,Female,7955
744,Urbain,Fayter,ufayterkn@ted.com,Male,5077
745,Lari,Fidge,lfidgeko@bigcartel.com,Female,1427
746,Tomas,Ollander,tollanderkp@netlog.com,Male,5921
747,Ettore,Sorbie,esorbiekq@blinklist.com,Male,2034
748,Dulcia,Houliston,dhoulistonkr@gizmodo.com,Female,8033
749,Stacey,Langstrath,slangstrathks@cbslocal.com,Female,4739
750,Scotty,Findley,sfindleykt@cbslocal.com,Male,9434
751,Vinita,McPhillimey,vmcphillimeyku@businesswire.com,Female,2302
752,Natty,Abella,nabellakv@go.com,Female,1644
753,Harmonia,Shurmer,hshurmerkw@archive.org,Female,6968
754,Kesley,Pluvier,kpluvierkx@skyrock.com,Female,3731
755,Zane,Imms,zimmsky@usnews.com,Male,3375
756,Irvin,Berisford,iberisfordkz@github.com,Male,8537
757,Pepillo,Schimpke,pschimpkel0@xing.com,Male,3511
758,Dolorita,Rorke,drorkel1@istockphoto.com,Female,1248
759,Greg,Postins,gpostinsl2@sina.com.cn,Male,9343
760,Fernanda,Phetteplace,fphetteplacel3@skype.com,Female,8762
761,Ansley,Riseley,ariseleyl4@mozilla.org,Female,6621
762,Tailor,Dudson,tdudsonl5@yahoo.com,Male,7046
763,Geoff,Ratnege,gratnegel6@merriam-webster.com,Male,9621
764,Christel,Truckell,ctruckelll7@ehow.com,Female,1212
765,Zola,Masterman,zmastermanl8@qq.com,Female,4643
766,Bond,Santen,bsantenl9@creativecommons.org,Male,4396
767,Cindra,Brozsset,cbrozssetla@msu.edu,Female,8787
768,Noble,Trump,ntrumplb@illinois.edu,Male,8228
769,Lamar,Fargie,lfargielc@gravatar.com,Male,1686
770,Nicolais,Martello,nmartellold@comcast.net,Male,2605
771,Weston,Molloy,wmolloyle@wikia.com,Male,9786
772,Noam,Murdie,nmurdielf@wordpress.org,Male,6150
773,Kalinda,Parkhouse,kparkhouselg@netlog.com,Female,2506
774,Tamiko,Renyard,trenyardlh@stumbleupon.com,Female,5828
775,Debra,Bunworth,dbunworthli@wunderground.com,Female,4996
776,Weston,Camerana,wcameranalj@themeforest.net,Male,2154
777,Justino,Vell,jvelllk@hao123.com,Male,7135
778,Catlin,Huggett,chuggettll@whitehouse.gov,Female,4990
779,Tan,Bissiker,tbissikerlm@goo.ne.jp,Male,5878
780,Sisely,Gilliard,sgilliardln@webnode.com,Female,3173
781,Bevin,Margetts,bmargettslo@deliciousdays.com,Male,2260
782,Nataniel,Broxis,nbroxislp@domainmarket.com,Male,9274
783,Torey,Brigman,tbrigmanlq@cmu.edu,Female,3015
784,Belia,Wreak,bwreaklr@miibeian.gov.cn,Female,7919
785,Marguerite,Comberbach,mcomberbachls@arstechnica.com,Female,1637
786,Dreddy,Brinsford,dbrinsfordlt@storify.com,Female,4473
787,Filide,Richardsson,frichardssonlu@soup.io,Female,6569
788,Ardine,Beamson,abeamsonlv@prnewswire.com,Female,8618
789,Madonna,McGawn,mmcgawnlw@comcast.net,Female,2838
790,Kacey,Ingree,kingreelx@mozilla.org,Female,2314
791,Shane,Leemans,sleemansly@flickr.com,Female,1392
792,Pammy,Purdy,ppurdylz@wix.com,Female,3017
793,Carmen,Rosenqvist,crosenqvistm0@prlog.org,Female,2068
794,Andy,Montacute,amontacutem1@liveinternet.ru,Female,3526
795,Kerry,Imlach,kimlachm2@histats.com,Female,5173
796,Felizio,Gooday,fgoodaym3@free.fr,Male,5322
797,Lulita,Farryan,lfarryanm4@studiopress.com,Female,4770
798,Jeanne,Hockell,jhockellm5@thetimes.co.uk,Female,1354
799,Marve,Ram,mramm6@patch.com,Male,5347
800,Junie,De Bruijn,jdebruijnm7@barnesandnoble.com,Female,2379
801,Gilburt,Haslum,ghaslumm8@ucoz.com,Male,2972
802,Georgette,Okenden,gokendenm9@army.mil,Female,1336
803,Carlin,Caudrelier,ccaudrelierma@wikipedia.org,Female,3892
804,Dalton,Annand,dannandmb@lycos.com,Male,2745
805,Peri,Camblin,pcamblinmc@goo.gl,Female,8711
806,Keelby,Von Hindenburg,kvonhindenburgmd@soundcloud.com,Male,9844
807,Matti,Pharro,mpharrome@indiatimes.com,Female,2179
808,Alida,Hamberstone,ahamberstonemf@census.gov,Female,2451
809,Laurene,Ivons,livonsmg@cdc.gov,Female,7051
810,Hasty,Cockrell,hcockrellmh@liveinternet.ru,Male,9306
811,Berrie,Regis,bregismi@tiny.cc,Female,2428
812,Vail,Miranda,vmirandamj@skyrock.com,Male,8533
813,Zuzana,Balogh,zbaloghmk@chronoengine.com,Female,8508
814,Serene,McInility,smcinilityml@google.it,Female,7569
815,Iormina,Baxandall,ibaxandallmm@wikipedia.org,Female,8665
816,Claudianus,Younghusband,cyounghusbandmn@mediafire.com,Male,8814
817,Celine,Keigher,ckeighermo@hibu.com,Female,3725
818,Yulma,De Meis,ydemeismp@answers.com,Male,4402
819,Boot,Tunnock,btunnockmq@sakura.ne.jp,Male,9049
820,Alys,Bairstow,abairstowmr@prlog.org,Female,8629
821,Jill,Dunkley,jdunkleyms@unesco.org,Female,8545
822,Onofredo,Amorine,oamorinemt@howstuffworks.com,Male,2803
823,Tara,Proom,tproommu@usgs.gov,Female,9844
824,Paloma,Colleton,pcolletonmv@youtu.be,Female,1961
825,Danell,Marquot,dmarquotmw@apache.org,Female,9685
826,Jillane,Wyldbore,jwyldboremx@yahoo.co.jp,Female,9586
827,Forest,Antoshin,fantoshinmy@g.co,Male,1420
828,Myles,Attridge,mattridgemz@topsy.com,Male,2749
829,Lishe,Bielfelt,lbielfeltn0@illinois.edu,Female,9095
830,Valaria,Harhoff,vharhoffn1@com.com,Female,3564
831,Lew,Spiniello,lspiniellon2@list-manage.com,Male,4040
832,Malcolm,Annell,mannelln3@surveymonkey.com,Male,2613
833,Roobbie,Joffe,rjoffen4@ezinearticles.com,Female,1990
834,Matias,Ronaldson,mronaldsonn5@cornell.edu,Male,9345
835,Haroun,Firsby,hfirsbyn6@amazon.co.jp,Male,2463
836,Diarmid,Senner,dsennern7@xinhuanet.com,Male,4091
837,Helge,Billes,hbillesn8@craigslist.org,Female,7277
838,Eddie,Dungey,edungeyn9@dagondesign.com,Male,9942
839,Reeba,Fearey,rfeareyna@sourceforge.net,Female,7123
840,Aluino,Tuxell,atuxellnb@soundcloud.com,Male,9840
841,Christa,de Almeida,cdealmeidanc@etsy.com,Female,2463
842,Dara,Stonary,dstonarynd@bloglovin.com,Female,7988
843,Celle,Skipper,cskipperne@hud.gov,Female,9653
844,Celina,Ibbison,cibbisonnf@dyndns.org,Female,7054
845,Shaw,Rapinett,srapinettng@zimbio.com,Male,1358
846,Faustina,Cofax,fcofaxnh@home.pl,Female,8146
847,Les,Morcombe,lmorcombeni@shop-pro.jp,Male,9134
848,Robbie,Cogman,rcogmannj@opera.com,Male,8293
849,Court,Di Franceschi,cdifranceschink@w3.org,Male,1083
850,Ev,Morpeth,emorpethnl@odnoklassniki.ru,Male,1037
851,Kearney,Kidder,kkiddernm@google.com.br,Male,9655
852,Nani,Baudasso,nbaudassonn@microsoft.com,Female,8984
853,Eyde,Belin,ebelinno@paypal.com,Female,2998
854,Caritta,Purchon,cpurchonnp@prnewswire.com,Female,7646
855,Olive,Castelyn,ocastelynnq@virginia.edu,Female,7026
856,Cathrin,Jobin,cjobinnr@desdev.cn,Female,2564
857,Tanner,Rogans,trogansns@marketwatch.com,Male,3439
858,Morganica,Drynan,mdrynannt@wisc.edu,Female,6916
859,Aluin,Ruslinge,aruslingenu@uiuc.edu,Male,3971
860,Cale,Gamil,cgamilnv@narod.ru,Male,4777
861,Andrei,Eustace,aeustacenw@github.com,Female,2774
862,Delmor,Robeiro,drobeironx@unblog.fr,Male,3922
863,Winston,Domleo,wdomleony@cam.ac.uk,Male,8301
864,Rona,Binestead,rbinesteadnz@sphinn.com,Female,2254
865,Billie,Yokelman,byokelmano0@nature.com,Male,5987
866,Margo,Di Francecshi,mdifrancecshio1@businessweek.com,Female,9936
867,Gaultiero,Wigsell,gwigsello2@guardian.co.uk,Male,4167
868,Yehudi,Legion,ylegiono3@amazon.co.uk,Male,3194
869,Dolley,Mockler,dmocklero4@ning.com,Female,7221
870,Hildy,Ebhardt,hebhardto5@smh.com.au,Female,6473
871,Katine,Rigard,krigardo6@adobe.com,Female,4939
872,Maisey,Benedick,mbenedicko7@lulu.com,Female,3175
873,Electra,Henriquet,ehenriqueto8@virginia.edu,Female,2420
874,Asher,Giabucci,agiabuccio9@myspace.com,Male,1371
875,Nanice,Isenor,nisenoroa@ow.ly,Female,6860
876,Jordanna,Smeed,jsmeedob@weather.com,Female,4925
877,Merill,Moreno,mmorenooc@mysql.com,Male,3168
878,Dionisio,Uvedale,duvedaleod@parallels.com,Male,2677
879,Aloysius,Bradock,abradockoe@rediff.com,Male,7526
880,Leroi,Stennard,lstennardof@soundcloud.com,Male,4593
881,Drusi,Brangan,dbranganog@bluehost.com,Female,3958
882,Tonia,Jimeno,tjimenooh@cbslocal.com,Female,8972
883,Marv,Izhaky,mizhakyoi@salon.com,Male,1503
884,Aldon,Cragell,acragelloj@washingtonpost.com,Male,2876
885,Nil,Nannoni,nnannoniok@prlog.org,Male,4789
886,Shaylynn,O'Henecan,sohenecanol@google.pl,Female,7864
887,Abigale,Krysztofiak,akrysztofiakom@google.ru,Female,6426
888,Adams,Listone,alistoneon@guardian.co.uk,Male,9293
889,Cher,Humphris,chumphrisoo@paypal.com,Female,2511
890,Kirk,Trafford,ktraffordop@gmpg.org,Male,7150
891,Tore,Bazylets,tbazyletsoq@usnews.com,Male,5312
892,Ramsey,Blakeley,rblakeleyor@dailymotion.com,Male,4629
893,Nikolos,Marchington,nmarchingtonos@comcast.net,Male,7769
894,Rufus,Haulkham,rhaulkhamot@sourceforge.net,Male,8550
895,Hayyim,Tersay,htersayou@merriam-webster.com,Male,5557
896,Britt,O'Hearn,bohearnov@shutterfly.com,Female,1721
897,Gallagher,O'Codihie,gocodihieow@webmd.com,Male,4212
898,Eustace,Geldart,egeldartox@irs.gov,Male,3019
899,Addia,Petrelluzzi,apetrelluzzioy@examiner.com,Female,4556
900,Donavon,Carradice,dcarradiceoz@biglobe.ne.jp,Male,5052
901,Charmian,Gilfether,cgilfetherp0@mapy.cz,Female,7886
902,Korry,Ipsley,kipsleyp1@independent.co.uk,Female,9527
903,Dori,Calloway,dcallowayp2@skyrock.com,Female,9814
904,Elvin,Cranage,ecranagep3@w3.org,Male,7673
905,Kakalina,Pobjoy,kpobjoyp4@umn.edu,Female,1503
906,Dory,Wavell,dwavellp5@hatena.ne.jp,Female,3089
907,Jesselyn,Caps,jcapsp6@theatlantic.com,Female,4084
908,Terrance,Fomichkin,tfomichkinp7@ted.com,Male,1979
909,Britte,Fiddeman,bfiddemanp8@paginegialle.it,Female,7426
910,Panchito,Cokayne,pcokaynep9@vistaprint.com,Male,2448
911,Deina,Christou,dchristoupa@smh.com.au,Female,8409
912,Roley,Ashford,rashfordpb@storify.com,Male,1004
913,Retha,Deadman,rdeadmanpc@free.fr,Female,2553
914,Sofie,Hannond,shannondpd@zimbio.com,Female,1441
915,Ferd,Embery,femberype@flickr.com,Male,4408
916,Dillie,Flooks,dflookspf@deviantart.com,Male,1107
917,Beau,Poel,bpoelpg@buzzfeed.com,Male,4812
918,Husain,Stallwood,hstallwoodph@google.co.uk,Male,5243
919,Philip,Upston,pupstonpi@arstechnica.com,Male,8961
920,Gino,Yakubovich,gyakubovichpj@pbs.org,Male,5823
921,Deidre,Toller,dtollerpk@sogou.com,Female,9131
922,Belia,Davoren,bdavorenpl@indiatimes.com,Female,5645
923,Joycelin,Messer,jmesserpm@live.com,Female,4624
924,Erik,Caulwell,ecaulwellpn@rambler.ru,Male,7760
925,Tannie,O'Devey,todeveypo@1und1.de,Male,8285
926,Conney,Eadmead,ceadmeadpp@webs.com,Male,5652
927,Angeli,Deners,adenerspq@forbes.com,Male,6099
928,Andras,Kliement,akliementpr@squidoo.com,Male,4882
929,Waneta,Fishpool,wfishpoolps@multiply.com,Female,7361
930,Vachel,Trappe,vtrappept@go.com,Male,3377
931,Elvera,Dhennin,edhenninpu@reverbnation.com,Female,1262
932,Daile,Ubee,dubeepv@ebay.co.uk,Female,9736
933,Laurent,Duffit,lduffitpw@weibo.com,Male,3865
934,Gabbi,Moff,gmoffpx@mozilla.com,Female,2349
935,Karim,Tschiersch,ktschierschpy@washingtonpost.com,Male,2181
936,Baryram,Gownge,bgowngepz@behance.net,Male,4581
937,Dawna,Huish,dhuishq0@github.com,Female,4429
938,Elisa,Joannidi,ejoannidiq1@com.com,Female,9120
939,Ugo,Vassie,uvassieq2@about.com,Male,9996
940,Sherline,Stovell,sstovellq3@sina.com.cn,Female,6660
941,Merrilee,Skacel,mskacelq4@nyu.edu,Female,6655
942,Lorilee,Lowre,llowreq5@quantcast.com,Female,1092
943,Wanids,Llewellin,wllewellinq6@infoseek.co.jp,Female,9739
944,Coretta,McGraith,cmcgraithq7@nationalgeographic.com,Female,8217
945,Fairlie,Brunsdon,fbrunsdonq8@biglobe.ne.jp,Male,9367
946,Tiphany,Mewes,tmewesq9@cam.ac.uk,Female,7281
947,Kelcy,McKeran,kmckeranqa@virginia.edu,Female,2059
948,Adey,Mauser,amauserqb@cisco.com,Female,3289
949,Theodor,Wittrington,twittringtonqc@multiply.com,Male,2210
950,Kimberli,Creany,kcreanyqd@cbsnews.com,Female,1065
951,Bord,Reppaport,breppaportqe@flickr.com,Male,2836
952,Albertine,Orr,aorrqf@usnews.com,Female,3531
953,Alexio,Pendergast,apendergastqg@cargocollective.com,Male,6880
954,Minnaminnie,Vallentin,mvallentinqh@berkeley.edu,Female,1546
955,Bourke,Sibbons,bsibbonsqi@amazon.co.jp,Male,9765
956,Francis,Callf,fcallfqj@imageshack.us,Male,4572
957,Tara,Duiguid,tduiguidqk@google.es,Female,1009
958,Greer,Johnsey,gjohnseyql@nymag.com,Female,2631
959,Alvin,Lupson,alupsonqm@ucoz.com,Male,4554
960,Florie,Josskowitz,fjosskowitzqn@etsy.com,Female,6491
961,Noni,Kealy,nkealyqo@phoca.cz,Female,9820
962,Quincy,Gian,qgianqp@rakuten.co.jp,Male,1718
963,Clarke,Hallyburton,challyburtonqq@usgs.gov,Male,9140
964,Conrade,Bazelle,cbazelleqr@dagondesign.com,Male,3137
965,Leandra,Driussi,ldriussiqs@constantcontact.com,Female,4486
966,Templeton,Coleridge,tcoleridgeqt@google.cn,Male,7967
967,Trixie,Cloke,tclokequ@chron.com,Female,5146
968,Giraud,Harrap,gharrapqv@wordpress.com,Male,2094
969,Jere,Camelli,jcamelliqw@ycombinator.com,Female,6681
970,Joana,Petriello,jpetrielloqx@sfgate.com,Female,6398
971,Calla,Paule,cpauleqy@cpanel.net,Female,8677
972,Elvira,Cathie,ecathieqz@state.gov,Female,7521
973,Von,Leblanc,vleblancr0@pagesperso-orange.fr,Male,7579
974,Madeleine,Zavittieri,mzavittierir1@symantec.com,Female,4851
975,Valentin,Vanacci,vvanaccir2@etsy.com,Male,4463
976,Juana,Fakeley,jfakeleyr3@yelp.com,Female,8280
977,Cassie,Wheeliker,cwheelikerr4@last.fm,Female,1755
978,Coralie,Seacombe,cseacomber5@xrea.com,Female,5859
979,Galvin,Mamwell,gmamwellr6@elpais.com,Male,7894
980,Timoteo,Kordas,tkordasr7@columbia.edu,Male,1973
981,Lorrin,Brideau,lbrideaur8@reverbnation.com,Female,9577
982,Adrianne,Bruyntjes,abruyntjesr9@cisco.com,Female,8576
983,Wilton,Dixon,wdixonra@deviantart.com,Male,8753
984,Jamesy,Giannini,jgianninirb@smh.com.au,Male,6081
985,Marcelia,McOmish,mmcomishrc@techcrunch.com,Female,6772
986,Sofia,Bengochea,sbengocheard@disqus.com,Female,2204
987,Robinett,Patemore,rpatemorere@dagondesign.com,Female,8025
988,Sargent,Lezemere,slezemererf@time.com,Male,6154
989,Linzy,Tape,ltaperg@bing.com,Female,8046
990,Clair,Mantle,cmantlerh@edublogs.org,Female,5745
991,Myrvyn,Leynham,mleynhamri@cnn.com,Male,4825
992,Agretha,Wilmot,awilmotrj@yahoo.com,Female,4425
993,Quintilla,Rosenstock,qrosenstockrk@acquirethisname.com,Female,7583
994,Gale,Matteris,gmatterisrl@accuweather.com,Male,1399
995,Jan,Barrie,jbarrierm@gnu.org,Male,8707
996,Theressa,Cudbird,tcudbirdrn@ox.ac.uk,Female,8296
997,Dasie,Chevers,dcheversro@yale.edu,Female,8992
998,Rodrick,Glenfield,rglenfieldrp@cyberchimps.com,Male,8915
999,Lock,Beeze,lbeezerq@bing.com,Male,9134
1000,Mervin,Hanshawe,mhanshawerr@4shared.com,Male,2022
